<?xml version='1.0'?><metadata xml:lang='en'><Esri><CreaDate>20121128</CreaDate><CreaTime>09211700</CreaTime><ArcGISFormat>1.0</ArcGISFormat><SyncOnce>TRUE</SyncOnce><DataProperties><coordRef><csUnits>Decimal Degree</csUnits><geogcsn>WGS 84</geogcsn><peXml><wktVar>&lt;ProjectedCoordinateSystem&gt;&lt;WKT&gt;GEOGCS[&quot;WGS 84&quot;,DATUM[&quot;World Geodetic System 1984 [EPSG ID 6326]&quot;,SPHEROID[&quot;WGS 84 [EPSG ID 7030]&quot;,6378137.0,298.257223563]],PRIMEM[&quot;Greenwich&quot;,0.0],UNIT[&quot;Decimal Degree&quot;,0.01745329251994328]]&lt;/WKT&gt;&lt;XOrigin&gt;-85&lt;/XOrigin&gt;&lt;YOrigin&gt;40&lt;/YOrigin&gt;&lt;XYScale&gt;100000000&lt;/XYScale&gt;&lt;ZOrigin&gt;0&lt;/ZOrigin&gt;&lt;ZScale&gt;1&lt;/ZScale&gt;&lt;MOrigin&gt;0&lt;/MOrigin&gt;&lt;MScale&gt;1&lt;/MScale&gt;&lt;XYTolerance&gt;.00000002&lt;/XYTolerance&gt;&lt;ZTolerance&gt;0&lt;/ZTolerance&gt;&lt;MTolerance&gt;0&lt;/MTolerance&gt;&lt;HighPrecision&gt;&lt;/HighPrecision&gt;&lt;/ProjectedCoordinateSystem&gt;&lt;/peXml&gt;</wktVar></peXml></coordRef></DataProperties></Esri><idinfo><citation><citeinfo><title>none</title><origin>none</origin></citeinfo></citation></idinfo><dataIdInfo><themeKeys><keyword>City of Toronto</keyword><keyword>school</keyword><keyword>Toronto District School Board</keyword><keyword>TDSB</keyword><keyword>college</keyword><keyword>private schools</keyword><keyword>TorontoCatholic District School Board</keyword><keyword>TCDSB</keyword><keyword>English Public</keyword><keyword>French Public</keyword><keyword>English Separate</keyword><keyword>French Separate</keyword><keyword>Private</keyword><keyword>Public</keyword></themeKeys><idPurp>To support Toronto Police Services and the Toronto Employmnet and Social Services program staff. Also provides information to other City staff who require it.</idPurp><idAbs>A dataset containing all the address points of schools located within the City of Toronto.</idAbs><idCitation><resTitle>CITYGCS.SCHOOL</resTitle></idCitation><resConst><Consts><useLimit>Source must be credited. Cannot be re-sold.This dataset may not show the locations of all private schools as City may not be aware of their existence or they open and close within the same year.The results from the search may contain errors or omissions, boundaries and admission criteria for schoolsand/or programs may be changed at any time in accordance with Board policy and procedures.</useLimit></Consts></resConst><dataExt><geoEle><GeoBndBox><westBL>-82</westBL><eastBL>-77.8</eastBL><northBL>45.2</northBL><southBL>42</southBL></GeoBndBox></geoEle></dataExt><idCredit>Toronto Police Services Board provided validated tabular and spatial files. The locations were validated byfollowing the site visit protocol.</idCredit><idPoC><rpIndName>Open Data Team</rpIndName><rpOrgName>City of Toronto</rpOrgName><rpCntInfo><cntAddress><eMailAdd>opendata@toronto.ca</eMailAdd></cntAddress></rpCntInfo></idPoC></dataIdInfo><metainfo><D>99</D><langmeta>en</langmeta></metainfo><distinfo></distinfo><spdoinfo><ptvctinf><esriterm><efeatyp>Feature Class</efeatyp><efeageom>Point</efeageom></esriterm></ptvctinf></spdoinfo><mdContact><rpOrgName>Geospatial Competency Centre</rpOrgName><rpIndName>.</rpIndName><rpCntInfo><cntAddress><city>Toronto</city><delPoint>18 Dyas Rd,  3rd Floor</delPoint><eMailAdd>gcc@toronto.ca</eMailAdd><postCode>M3B 1V5</postCode><adminArea>ON</adminArea></cntAddress><cntPhone><voiceNum>416-392-2506</voiceNum><faxNum>416-397-4900</faxNum></cntPhone></rpCntInfo><rpPosName>.</rpPosName></mdContact><eainfo><detailed><enttyp><enttypt>Feature Class</enttypt><enttypl>CITYGCS.SCHOOL</enttypl></enttyp><attr><attrlabl>ADD_NUM</attrlabl><attalias>ADD_NUM</attalias><attrtype>VARCHAR2</attrtype><attwidth>20</attwidth><attrdef>UNIQUE GEOGRAPHIC SEUQENTIAL NUMBER</attrdef></attr><attr><attrlabl>LN_NAM_FUL</attrlabl><attalias>LN_NAM_FUL</attalias><attrtype>VARCHAR2</attrtype><attwidth>110</attwidth></attr><attr><attrlabl>ADD_FULL</attrlabl><attalias>ADD_FULL</attalias><attrtype>VARCHAR2</attrtype><attwidth>131</attwidth><attrdef>SCL_LVL</attrdef></attr><attr><attrlabl>POSTAL_CD</attrlabl><attalias>POSTAL_CD</attalias><attrtype>VARCHAR2</attrtype><attwidth>7</attwidth><attrdef>SCL_TP</attrdef></attr><attr><attrlabl>MUN</attrlabl><attalias>MUN</attalias><attrtype>VARCHAR2</attrtype><attwidth>15</attwidth><attrdef>BRD_NAME</attrdef></attr><attr><attrlabl>CITY</attrlabl><attalias>CITY</attalias><attrtype>CHAR</attrtype><attwidth>7</attwidth><attrdef>SCL_TP_DSC</attrdef></attr><attr><attrlabl>GEN_USE_CD</attrlabl><attalias>GEN_USE_CD</attalias><attrtype>NUMBER</attrtype><attwidth>22</attwidth><attrdef>ADD_NUM</attrdef></attr><attr><attrlabl>CNTL_ID</attrlabl><attalias>CNTL_ID</attalias><attrtype>NUMBER</attrtype><attwidth>22</attwidth><attrdef>LN_NAM_FUL</attrdef></attr><attr><attrlabl>LO_NUM</attrlabl><attalias>LO_NUM</attalias><attrtype>NUMBER</attrtype><attwidth>22</attwidth><attrdef>ADD_FULL</attrdef></attr><attr><attrlabl>LO_NUM_SUF</attrlabl><attalias>LO_NUM_SUF</attalias><attrtype>VARCHAR2</attrtype><attwidth>3</attwidth><attrdef>POSTAL_CD</attrdef></attr><attr><attrlabl>HI_NUM</attrlabl><attalias>HI_NUM</attalias><attrtype>NUMBER</attrtype><attwidth>22</attwidth><attrdef>MUN</attrdef></attr><attr><attrlabl>HI_NUM_SUF</attrlabl><attalias>HI_NUM_SUF</attalias><attrtype>VARCHAR2</attrtype><attwidth>3</attwidth></attr><attr><attrlabl>LN_NAM_ID</attrlabl><attalias>LN_NAM_ID</attalias><attrtype>NUMBER</attrtype><attwidth>22</attwidth></attr><attr><attrlabl>X</attrlabl><attalias>X</attalias><attrtype>NUMBER</attrtype><attwidth>22</attwidth><attrdef>GEN_USE_CD</attrdef></attr><attr><attrlabl>Y</attrlabl><attalias>Y</attalias><attrtype>NUMBER</attrtype><attwidth>22</attwidth><attrdef>CNTL_ID</attrdef></attr><attr><attrlabl>LATITUDE</attrlabl><attalias>LATITUDE</attalias><attrtype>NUMBER</attrtype><attwidth>22</attwidth></attr><attr><attrlabl>LONGITUDE</attrlabl><attalias>LONGITUDE</attalias><attrtype>NUMBER</attrtype><attwidth>22</attwidth></attr><attr><attrlabl>OBJECTID</attrlabl><attalias>OBJECTID</attalias><attrtype>NUMBER</attrtype><attwidth>22</attwidth></attr><attr><attrlabl>SHAPE</attrlabl><attalias>SHAPE</attalias><attrtype>SDO_GEOMETRY</attrtype><attwidth>64</attwidth></attr><attr><attrlabl>GEO_ID</attrlabl><attalias>GEO_ID</attalias><attrtype>NUMBER</attrtype><attwidth>22</attwidth><attrdef>LN_NAM_ID</attrdef></attr><attr><attrlabl>NAME</attrlabl><attalias>NAME</attalias><attrtype>VARCHAR2</attrtype><attwidth>255</attwidth></attr><attr><attrlabl>SCL_LVL</attrlabl><attalias>SCL_LVL</attalias><attrtype>VARCHAR2</attrtype><attwidth>1</attwidth></attr><attr><attrlabl>SCL_TP</attrlabl><attalias>SCL_TP</attalias><attrtype>VARCHAR2</attrtype><attwidth>2</attwidth></attr><attr><attrlabl>BRD_NAME</attrlabl><attalias>BRD_NAME</attalias><attrtype>VARCHAR2</attrtype><attwidth>100</attwidth></attr><attr><attrlabl>SCL_TP_DSC</attrlabl><attalias>SCL_TP_DSC</attalias><attrtype>VARCHAR2</attrtype><attwidth>100</attwidth></attr><attr><attrlabl>ADD_PT_ID</attrlabl><attalias>ADD_PT_ID</attalias><attrtype>NUMBER</attrtype><attwidth>22</attwidth></attr></detailed></eainfo></metadata>